X1,U.S.,U.K.,Germany,France
1900,0,0,0.03,0
1901,0,0,0.03,0
1902,0,0,0.03,0
1903,0,0,0.03,0
1904,0,0,0.03,0
1905,0,0,0.03,0
1906,0,0,0.03,0
1907,0,0,0.03,0
1908,0,0,0.03,0
1909,0,0.08333333333333334,0.03,0
1910,0,0.08333333333333334,0.03,0
1911,0,0.08333333333333334,0.03,0
1912,0,0.08333333333333334,0.03,0
1913,0.07,0.08333333333333334,0.03,0
1914,0.07,0.17222220833333335,0.04,0
1915,0.07,0.325,0.04,0.02
1916,0.15,0.425,0.04,0.1
1917,0.67,0.425,0.04,0.2
1918,0.77,0.525,0.2,0.2
1919,0.73,0.525,0.3,0.5
1920,0.73,0.6,0.4,0.5
1921,0.73,0.6,0.4,0.5
1922,0.58,0.55,0.4,0.5
1923,0.435,0.525,0.4,0.6
1924,0.46,0.525,0.4,0.72
1925,0.25,0.5,0.4,0.6
1926,0.25,0.5,0.4,0.3
1927,0.25,0.5,0.4,0.3
1928,0.25,0.5,0.4,0.3333
1929,0.24,0.575,0.4,0.3333
1930,0.25,0.6375,0.4,0.3333
1931,0.25,0.6625,0.4,0.3333
1932,0.63,0.6625,0.4,0.3667
1933,0.63,0.6625,0.4,0.3667
1934,0.63,0.6375,0.5,0.3
1935,0.63,0.6375,0.5,0.36
1936,0.79,0.65,0.5,0.48
1937,0.79,0.6625,0.5,0.5184
1938,0.79,0.75,0.5,0.53332
1939,0.79,0.825,0.6,0.53332
1940,0.811,0.9,0.6,0.53332
1941,0.81,0.975,0.6,0.6000000000000001
1942,0.88,0.975,0.6,0.7
1943,0.88,0.975,0.6,0.7
1944,0.94,0.975,0.6,0.7
1945,0.94,0.975,0.6,0.6
1946,0.8645,0.975,0.9,0.6
1947,0.8645,0.975,0.9,0.72
1948,0.8213,0.975,0.9,0.6
1949,0.8213,0.975,0.75,0.6
1950,0.8436,0.975,0.75,0.6
1951,0.91,0.975,0.75,0.6
1952,0.92,0.975,0.75,0.6
1953,0.92,0.95,0.66,0.6
1954,0.91,0.95,0.6,0.6
1955,0.91,0.925,0.53,0.66
1956,0.91,0.925,0.53,0.66
1957,0.91,0.925,0.53,0.66
1958,0.91,0.925,0.53,0.66
1959,0.91,0.8875,0.53,0.66
1960,0.91,0.8875,0.53,0.66
1961,0.91,0.8875,0.53,0.63
1962,0.91,0.8875,0.53,0.63
1963,0.91,0.8875,0.53,0.64575
1964,0.77,0.8875,0.53,0.63
1965,0.7,0.9125,0.53,0.63
1966,0.7,0.9125,0.53,0.65
1967,0.7,0.9125,0.53,0.66
1968,0.7525,0.9125,0.53,0.66
1969,0.77,0.9125,0.53,0.6449999999999999
1970,0.7175,0.9125,0.53,0.618
1971,0.7,0.8875,0.53,0.612
1972,0.7,0.8875,0.53,0.6
1973,0.7,0.9,0.53,0.6
1974,0.7,0.98,0.53,0.6
1975,0.7,0.98,0.56,0.6
1976,0.7,0.98,0.56,0.6
1977,0.7,0.98,0.56,0.6
1978,0.7,0.98,0.56,0.6
1979,0.7,0.75,0.56,0.6
1980,0.7,0.75,0.56,0.66
1981,0.6913,0.75,0.56,0.66
1982,0.5,0.75,0.56,0.6955000000000001
1983,0.5,0.75,0.56,0.7020000000000001
1984,0.5,0.6,0.56,0.6695000000000001
1985,0.5,0.6,0.56,0.65
1986,0.5,0.6,0.56,0.58
1987,0.385,0.6,0.56,0.568
1988,0.28,0.4,0.56,0.568
1989,0.28,0.4,0.56,0.568
1990,0.28,0.4,0.53,0.568
1991,0.31,0.4,0.53,0.579
1992,0.31,0.4,0.53,0.579
1993,0.396,0.4,0.53,0.592
1994,0.396,0.4,0.53,0.592
1995,0.396,0.4,0.53,0.592
1996,0.396,0.4,0.53,0.5790000000000001
1997,0.396,0.4,0.53,0.5790000000000001
1998,0.396,0.4,0.53,0.62
1999,0.396,0.4,0.53,0.62
2000,0.396,0.4,0.51,0.6124999999999999
2001,0.386,0.4,0.485,0.6074999999999999
2002,0.386,0.4,0.485,0.5758
2003,0.35,0.4,0.485,0.5609
2004,0.35,0.4,0.45,0.5609
2005,0.35,0.4,0.42,0.5609
2006,0.35,0.4,0.42,0.48000000000000004
2007,0.35,0.4,0.45,0.48000000000000004
2008,0.35,0.4,0.45,0.48000000000000004
2009,0.35,0.4,0.45,0.48000000000000004
2010,0.35,0.5,0.45,0.49
2011,0.35,0.5,0.45,0.49
2012,0.35,0.5,0.45,0.53
2013,0.396,0.45,0.45,0.53
